1671048689, 2
1671048689, 1
1671048689, 2
1671048690, 1
1671048690, 2
1671048690, 1
1671048690, 2
1671048690, 3
1671048690, 4
1671048690, 5
1671048690, 6
1671048690, 1
1671048690, 1
1671048690, 2
1671048690, 1
1671048690, 2
1671048691, 1
1671048691, 2
1671048691, 1
1671048691, 2
1671048691, 1
1671048691, 2
1671048691, 3
1671048691, 1
1671048691, 2
1671048691, 1
1671048691, 2
1671048691, 1
1671048691, 2
1671048692, 1
1671048692, 2
1671048692, 3
1671048692, 1
1671048692, 2
1671048692, 3
1671048692, 1
1671048692, 2
1671048692, 3
1671048692, 4
1671048692, 1
1671048692, 2
1671048692, 1
1671048692, 2
1671048692, 3
1671048692, 4
1671048692, 1
1671048693, 2
1671048693, 3
1671048693, 1
1671048693, 2
1671048693, 3
1671048693, 1
1671048693, 1
1671048693, 2
1671048693, 3
1671048693, 1
1671048693, 2
1671048693, 3
1671048693, 4
1671048693, 5
1671048693, 1
1671048693, 1
1671048694, 1
1671048694, 2
1671048694, 3
1671048694, 4
1671048694, 5
1671048694, 1
1671048694, 2
1671048694, 3
1671048694, 1
1671048694, 2
1671048694, 1
1671048694, 2
1671048694, 1
1671048694, 2
1671048694, 3
1671048694, 4
1671048694, 1
1671048694, 1
1671048695, 2
1671048695, 3
1671048695, 4
1671048695, 1
1671048695, 2
1671048695, 3
1671048695, 1
1671048695, 2
1671048695, 1
1671048695, 2
1671048695, 3
1671048695, 4
1671048695, 1
1671048695, 2
1671048695, 1
1671048695, 1
1671048696, 2
1671048696, 1
1671048696, 1
1671048696, 1
1671048696, 2
1671048696, 3
1671048696, 4
1671048696, 5
1671048696, 6
1671048696, 1
1671048696, 2
1671048696, 3
1671048696, 4
1671048696, 5
1671048696, 6
1671048696, 1
1671048696, 2
1671048696, 3
1671048696, 1
1671048696, 2
1671048696, 3
1671048696, 4
1671048697, 1
1671048697, 2
1671048697, 1
1671048697, 1
1671048697, 2
1671048697, 3
1671048697, 4
1671048697, 1
1671048697, 2
1671048697, 1
1671048697, 2
1671048697, 3
1671048698, 1
1671048698, 2
1671048698, 3
1671048698, 4
1671048698, 5
1671048698, 1
1671048698, 2
1671048698, 1
1671048698, 1
1671048698, 2
1671048698, 1
1671048698, 2
1671048698, 3
1671048698, 4
1671048698, 5
1671048698, 1
1671048698, 2
1671048698, 3
1671048699, 1
1671048699, 2
1671048699, 3
1671048699, 1
1671048699, 2
1671048699, 3
1671048699, 4
1671048699, 1
1671048699, 2
1671048699, 1
1671048699, 1
1671048699, 1
1671048699, 2
1671048700, 1
1671048700, 2
1671048700, 1
1671048700, 2
1671048700, 1
1671048700, 2
1671048700, 3
1671048700, 1
1671048700, 2
1671048700, 3
1671048700, 4
1671048700, 5
1671048700, 1
1671048700, 2
1671048701, 1
1671048701, 1
1671048701, 2
1671048701, 1
1671048701, 1
1671048701, 2
1671048701, 1
1671048701, 2
1671048701, 1
1671048701, 2
1671048701, 3
1671048701, 4
1671048701, 1
1671048702, 2
1671048702, 3
1671048702, 4
1671048702, 1
1671048702, 1
1671048702, 2
1671048702, 3
1671048702, 4
1671048702, 5
1671048702, 6
1671048702, 1
1671048702, 2
1671048702, 3
1671048702, 4
1671048702, 1
1671048702, 1
1671048702, 2
1671048702, 1
1671048703, 1
1671048703, 1
1671048703, 1
1671048703, 1
1671048703, 1
1671048703, 2
1671048703, 3
1671048703, 4
1671048703, 1
1671048703, 2
1671048703, 3
1671048703, 1
1671048703, 2
1671048703, 3
1671048704, 1
1671048704, 2
1671048704, 3
1671048704, 4
1671048704, 1
1671048704, 1
1671048704, 1
1671048704, 2
1671048704, 3
1671048704, 4
1671048704, 5
1671048704, 1
1671048704, 2
1671048704, 3
1671048704, 4
1671048704, 1
1671048704, 2
1671048704, 3
1671048704, 4
1671048704, 5
1671048705, 1
1671048705, 2
1671048705, 3
1671048705, 1
1671048705, 2
1671048705, 1
1671048705, 1
1671048705, 1
1671048705, 2
1671048705, 1
1671048705, 2
1671048705, 3
1671048705, 4
1671048705, 1
1671048706, 2
1671048706, 1
1671048706, 2
1671048706, 3
1671048706, 4
1671048706, 1
1671048706, 2
1671048706, 1
1671048706, 2
1671048706, 3
1671048706, 4
1671048706, 1
1671048706, 2
1671048706, 1
1671048706, 2
1671048707, 3
1671048707, 1
1671048707, 2
1671048707, 3
1671048707, 4
1671048707, 1
1671048707, 2
1671048707, 3
1671048707, 1
1671048707, 1
1671048707, 2
1671048707, 1
1671048707, 2
1671048707, 3
1671048707, 4
1671048708, 5
1671048708, 1
1671048708, 2
1671048708, 3
1671048708, 4
1671048708, 1
1671048708, 2
1671048708, 3
1671048708, 1
1671048708, 1
1671048708, 2
1671048708, 3
1671048708, 1
1671048708, 2
1671048708, 1
1671048708, 2
1671048709, 1
1671048709, 2
1671048709, 3
1671048709, 1
1671048709, 2
1671048709, 3
1671048709, 4
1671048709, 5
1671048709, 6
1671048709, 1
1671048709, 2
1671048709, 1
1671048709, 2
1671048709, 3
1671048709, 1
1671048709, 2
1671048710, 1
1671048710, 2
1671048710, 3
1671048710, 4
1671048710, 1
1671048710, 2
1671048710, 3
1671048710, 4
1671048710, 5
1671048710, 6
1671048710, 1
1671048710, 2
1671048710, 3
1671048710, 1
1671048710, 2
1671048710, 3
1671048710, 4
1671048710, 5
1671048710, 6
1671048710, 1
1671048710, 2
1671048710, 3
1671048711, 1
1671048711, 2
1671048711, 1
1671048711, 2
1671048711, 3
1671048711, 4
1671048711, 5
1671048711, 6
1671048711, 1
1671048711, 2
1671048711, 3
1671048711, 1
1671048711, 2
1671048711, 3
1671048711, 4
1671048711, 5
1671048711, 6
1671048711, 1
1671048711, 2
1671048711, 3
1671048711, 1
1671048711, 2
1671048711, 3
1671048712, 4
1671048712, 1
1671048712, 2
1671048712, 3
1671048712, 4
1671048712, 1
1671048712, 2
1671048712, 1
1671048712, 2
1671048712, 3
1671048712, 1
1671048712, 1
1671048712, 2
1671048712, 3
1671048712, 4
1671048712, 5
1671048713, 6
1671048713, 1
1671048713, 2
1671048713, 3
1671048713, 4
1671048713, 5
1671048713, 1
1671048713, 2
1671048713, 1
1671048713, 2
1671048713, 3
1671048713, 4
1671048713, 1
1671048713, 1
1671048713, 1
1671048713, 1
1671048714, 1
1671048714, 1
1671048714, 1
1671048714, 1
1671048714, 1
1671048714, 1
1671048714, 1
1671048714, 2
1671048714, 3
1671048714, 1
1671048714, 1
1671048714, 2
1671048714, 3
1671048715, 1
1671048715, 2
1671048715, 1
1671048715, 2
1671048715, 3
1671048715, 1
1671048715, 1
1671048715, 2
1671048715, 3
1671048715, 1
1671048715, 2
1671048715, 3
1671048715, 1
1671048715, 2
1671048716, 1
1671048716, 2
1671048716, 3
1671048716, 1
1671048716, 1
1671048716, 2
1671048716, 3
1671048716, 1
1671048716, 2
1671048716, 3
1671048716, 1
1671048716, 1
1671048716, 2
1671048716, 3
1671048716, 1
1671048717, 2
1671048717, 1
1671048717, 2
1671048717, 3
1671048717, 1
1671048717, 2
1671048717, 1
1671048717, 2
1671048717, 3
1671048717, 1
1671048717, 1
1671048717, 1
1671048718, 2
1671048718, 3
1671048718, 1
1671048718, 2
1671048718, 3
1671048718, 1
1671048718, 2
1671048718, 3
1671048718, 1
1671048718, 1
1671048718, 2
1671048718, 3
1671048718, 1
1671048718, 2
1671048718, 3
1671048719, 1
1671048719, 2
1671048719, 1
1671048719, 2
1671048719, 3
1671048719, 4
1671048719, 1
1671048719, 2
1671048719, 3
1671048719, 4
1671048719, 5
1671048719, 1
1671048719, 1
1671048719, 2
1671048719, 3
1671048719, 4
1671048719, 5
1671048719, 1
1671048719, 1
1671048719, 2
1671048719, 3
1671048720, 1
1671048720, 2
1671048720, 3
1671048720, 4
1671048720, 5
1671048720, 1
1671048720, 2
1671048720, 1
1671048720, 1
1671048720, 2
1671048720, 3
1671048720, 4
1671048720, 5
1671048720, 6
1671048720, 1
1671048720, 2
1671048720, 3
1671048720, 1
1671048720, 2
1671048720, 3
1671048721, 4
1671048721, 1
1671048721, 2
1671048721, 3
1671048721, 4
1671048721, 1
1671048721, 2
1671048721, 3
1671048721, 1
1671048721, 2
1671048721, 3
1671048721, 4
1671048721, 1
1671048721, 2
1671048721, 3
1671048721, 4
1671048721, 1
1671048721, 1
1671048721, 1
1671048721, 2
1671048721, 3
1671048721, 4
1671048722, 1
1671048722, 2
1671048722, 1
1671048722, 1
1671048722, 2
1671048722, 3
1671048722, 4
1671048722, 5
1671048722, 6
1671048722, 1
1671048722, 2
1671048722, 1
1671048722, 2
1671048722, 3
1671048722, 1
1671048722, 2
1671048722, 3
1671048722, 4
1671048722, 1
1671048723, 2
1671048723, 3
1671048723, 4
1671048723, 1
1671048723, 2
1671048723, 3
1671048723, 4
1671048723, 1
1671048723, 2
1671048723, 1
1671048723, 2
1671048723, 3
1671048723, 1
1671048723, 1
1671048723, 2
1671048723, 1
1671048724, 2
1671048724, 3
1671048724, 1
1671048724, 2
1671048724, 3
1671048724, 4
1671048724, 1
1671048724, 2
1671048724, 3
1671048724, 4
1671048724, 1
1671048724, 2
1671048724, 3
1671048724, 1
1671048724, 2
1671048724, 3
1671048724, 4
1671048724, 5
1671048724, 6
1671048725, 1
1671048725, 2
1671048725, 3
1671048725, 4
1671048725, 1
1671048725, 2
1671048725, 1
1671048725, 2
1671048725, 3
1671048725, 4
1671048725, 1
1671048725, 2
1671048725, 3
1671048725, 1
1671048725, 2
1671048725, 3
1671048725, 4
1671048725, 1
1671048725, 2
1671048726, 1
1671048726, 1
1671048726, 2
1671048726, 3
1671048726, 4
1671048726, 1
1671048726, 1
1671048726, 2
1671048726, 1
1671048726, 2
1671048726, 1
1671048726, 2
1671048726, 3
1671048727, 4
1671048727, 1
1671048727, 2
1671048727, 1
1671048727, 2
1671048727, 3
1671048727, 4
1671048727, 5
1671048727, 6
1671048727, 1
1671048727, 2
1671048727, 1
1671048727, 2
1671048727, 3
1671048727, 4
1671048727, 5
1671048727, 1
1671048727, 2
1671048727, 3
1671048727, 4
1671048728, 1
1671048728, 2
1671048728, 3
1671048728, 1
1671048728, 1
1671048728, 1
1671048728, 2
1671048728, 3
1671048728, 4
1671048728, 1
1671048728, 2
1671048728, 3
1671048728, 4
1671048728, 1
1671048728, 2
1671048729, 1
1671048729, 2
1671048729, 1
1671048729, 2
1671048729, 3
1671048729, 1
1671048729, 2
1671048729, 3
1671048729, 4
1671048729, 1
1671048729, 1
1671048729, 2
1671048729, 3
1671048729, 4
1671048729, 5
1671048729, 1
1671048729, 2
1671048729, 3
1671048729, 4
1671048729, 5
1671048730, 1
1671048730, 2
1671048730, 1
1671048730, 2
1671048730, 1
1671048730, 1
1671048730, 2
1671048730, 3
1671048730, 4
1671048730, 5
1671048730, 1
1671048730, 2
1671048730, 3
1671048730, 4
1671048730, 1
1671048730, 2
1671048730, 3
1671048731, 1
1671048731, 2
1671048731, 1
1671048731, 1
1671048731, 2
1671048731, 3
1671048731, 4
1671048731, 5
1671048731, 6
1671048731, 1
1671048731, 2
1671048731, 3
1671048731, 4
1671048731, 5
1671048731, 1
1671048731, 2
1671048731, 1
1671048731, 2
1671048731, 3
1671048732, 1
1671048732, 2
1671048732, 1
1671048732, 2
1671048732, 3
1671048732, 1
1671048732, 2
1671048732, 3
1671048732, 1
1671048732, 1
1671048732, 2
1671048732, 1
1671048732, 2
1671048733, 1
1671048733, 2
1671048733, 3
1671048733, 1
1671048733, 2
1671048733, 3
1671048733, 4
1671048733, 1
1671048733, 2
1671048733, 3
1671048733, 4
1671048733, 5
1671048733, 6
1671048733, 7
1671048733, 8
1671048733, 1
1671048733, 2
1671048733, 3
1671048733, 1
1671048733, 2
1671048733, 1
1671048734, 1
1671048734, 2
1671048734, 1
1671048734, 2
1671048734, 3
1671048734, 1
1671048734, 2
1671048734, 1
1671048734, 2
1671048734, 1
1671048734, 2
1671048734, 1
1671048734, 2
1671048734, 3
1671048735, 4
1671048735, 1
1671048735, 2
1671048735, 1
1671048735, 2
1671048735, 1
1671048735, 2
1671048735, 3
1671048735, 4
1671048735, 1
1671048735, 2
1671048735, 3
1671048735, 4
1671048735, 1
1671048735, 2
1671048735, 3
1671048735, 4
1671048735, 1
1671048736, 1
1671048736, 2
1671048736, 3
1671048736, 4
1671048736, 1
1671048736, 2
1671048736, 1
1671048736, 2
1671048736, 3
1671048736, 4
1671048736, 5
1671048736, 1
1671048736, 2
1671048736, 3
1671048736, 4
1671048736, 1
1671048736, 2
1671048736, 1
1671048737, 2
1671048737, 3
1671048737, 1
1671048737, 2
1671048737, 1
1671048737, 2
1671048737, 3
1671048737, 4
1671048737, 5
1671048737, 1
1671048737, 2
1671048737, 1
1671048737, 2
1671048737, 1
1671048738, 2
1671048738, 3
1671048738, 4
1671048738, 1
1671048738, 2
1671048738, 1
1671048738, 2
1671048738, 1
1671048738, 2
1671048738, 3
1671048738, 1
1671048738, 2
1671048738, 3
1671048738, 4
1671048738, 1
1671048738, 2
1671048738, 3
1671048738, 4
1671048739, 5
1671048739, 6
1671048739, 1
1671048739, 1
1671048739, 2
1671048739, 3
1671048739, 1
1671048739, 2
1671048739, 1
1671048739, 1
1671048739, 2
1671048739, 3
1671048739, 1
1671048740, 1
1671048740, 2
1671048740, 3
1671048740, 4
1671048740, 1
1671048740, 2
1671048740, 1
1671048740, 2
1671048740, 3
1671048740, 4
1671048740, 5
1671048740, 1
1671048740, 1
1671048740, 2
1671048740, 1
1671048740, 2
1671048741, 1
1671048741, 2
1671048741, 3
1671048741, 1
1671048741, 1
1671048741, 1
1671048741, 2
1671048741, 3
1671048741, 1
1671048741, 1
1671048742, 1
1671048742, 2
1671048742, 1
1671048742, 2
1671048742, 1
1671048742, 2
1671048742, 3
1671048742, 1
1671048742, 2
1671048742, 1
1671048742, 1
1671048742, 2
1671048742, 3
1671048743, 1
1671048743, 2
1671048743, 3
1671048743, 4
1671048743, 1
1671048743, 1
1671048743, 2
1671048743, 3
1671048743, 1
1671048743, 1
1671048743, 2
1671048743, 1
1671048743, 1
1671048743, 2
1671048744, 1
1671048744, 2
1671048744, 1
1671048744, 2
1671048744, 3
1671048744, 4
1671048744, 1
1671048744, 2
1671048744, 3
1671048744, 1
1671048744, 2
1671048744, 3
1671048744, 1
1671048744, 2
1671048744, 3
1671048744, 1
1671048745, 2
1671048745, 1
1671048745, 2
1671048745, 1
1671048745, 2
1671048745, 1
1671048745, 2
1671048745, 3
1671048745, 4
1671048745, 1
1671048745, 2
1671048745, 1
1671048745, 2
1671048745, 3
1671048746, 1
1671048746, 2
1671048746, 1
1671048746, 2
1671048746, 3
1671048746, 1
1671048746, 1
1671048746, 2
1671048746, 3
1671048746, 4
1671048746, 1
1671048746, 2
1671048746, 3
1671048746, 4
1671048746, 1
1671048746, 2
1671048746, 3
1671048746, 1
1671048746, 2
1671048747, 1
1671048747, 2
1671048747, 3
1671048747, 4
1671048747, 5
1671048747, 6
1671048747, 1
1671048747, 2
1671048747, 1
1671048747, 2
1671048747, 3
1671048747, 4
1671048747, 1
1671048747, 2
1671048747, 3
1671048747, 1
1671048747, 2
1671048747, 3
1671048747, 4
1671048747, 1
1671048748, 1
1671048748, 2
1671048748, 3
1671048748, 4
1671048748, 1
1671048748, 2
1671048748, 3
1671048748, 1
1671048748, 2
1671048748, 1
1671048748, 2
1671048748, 1
1671048748, 2
1671048748, 3
1671048748, 4
1671048748, 5
1671048748, 6
1671048748, 7
1671048748, 1
1671048749, 1
1671048749, 2
1671048749, 1
1671048749, 1
1671048749, 2
1671048749, 3
1671048749, 4
1671048749, 1
1671048749, 2
1671048749, 3
1671048749, 4
1671048749, 5
1671048749, 1
1671048749, 2
1671048749, 3
1671048749, 4
1671048749, 5
1671048749, 1
1671048749, 2
1671048749, 3
1671048749, 4
1671048750, 1
1671048750, 2
1671048750, 1
1671048750, 2
1671048750, 1
1671048750, 2
1671048750, 3
1671048750, 1
1671048750, 2
1671048750, 3
1671048750, 4
1671048750, 1
1671048750, 2
1671048751, 1
1671048751, 2
1671048751, 3
1671048751, 1
1671048751, 2
1671048751, 3
1671048751, 1
1671048751, 2
1671048751, 1
1671048751, 2
1671048751, 1
1671048751, 1
1671048751, 1
1671048751, 2
1671048752, 1
1671048752, 2
1671048752, 3
1671048752, 1
1671048752, 2
1671048752, 3
1671048752, 4
1671048752, 1
1671048752, 2
1671048752, 3
1671048752, 4
1671048752, 5
1671048752, 6
1671048752, 1
1671048752, 2
1671048752, 3
1671048752, 4
1671048752, 1
1671048752, 2
1671048752, 3
1671048752, 1
1671048753, 2
1671048753, 3
1671048753, 1
1671048753, 2
1671048753, 1
1671048753, 1
1671048753, 1
1671048753, 2
1671048753, 3
1671048753, 1
1671048753, 2
1671048753, 3
1671048753, 1
1671048753, 2
1671048753, 3
1671048754, 1
1671048754, 2
1671048754, 1
1671048754, 2
1671048754, 1
1671048754, 2
1671048754, 3
1671048754, 4
1671048754, 5
1671048754, 6
1671048754, 1
1671048754, 2
1671048754, 3
1671048754, 1
1671048754, 2
1671048755, 1
1671048755, 2
1671048755, 3
1671048755, 1
1671048755, 2
1671048755, 3
1671048755, 4
1671048755, 5
1671048755, 1
1671048755, 2
1671048755, 3
1671048755, 1
1671048755, 2
1671048755, 3
1671048755, 4
1671048755, 5
1671048755, 1
1671048755, 2
1671048755, 3
1671048755, 4
1671048755, 1
1671048756, 2
1671048756, 3
1671048756, 1
1671048756, 2
1671048756, 3
1671048756, 1
1671048756, 2
1671048756, 3
1671048756, 1
1671048756, 2
1671048756, 1
1671048756, 2
1671048756, 3
1671048756, 4
1671048756, 5
1671048756, 1
1671048756, 2
1671048757, 1
1671048757, 2
1671048757, 3
1671048757, 4
1671048757, 1
1671048757, 2
1671048757, 1
1671048757, 2
1671048757, 3
1671048757, 1
1671048757, 2
1671048757, 3
1671048757, 4
1671048757, 5
1671048757, 1
1671048757, 2
1671048757, 3
1671048757, 4
1671048758, 1
1671048758, 2
1671048758, 1
1671048758, 1
1671048758, 2
1671048758, 3
1671048758, 1
1671048758, 2
1671048758, 3
1671048758, 4
1671048758, 5
1671048758, 1
1671048758, 1
1671048758, 2
1671048759, 1
1671048759, 2
1671048759, 3
1671048759, 4
1671048759, 1
1671048759, 2
1671048759, 3
1671048759, 1
1671048759, 2
1671048759, 3
1671048759, 1
1671048759, 2
1671048759, 1
1671048759, 2
1671048759, 3
1671048760, 1
1671048760, 2
1671048760, 3
1671048760, 4
1671048760, 1
1671048760, 2
1671048760, 3
1671048760, 1
1671048760, 1
1671048760, 1
1671048760, 2
1671048760, 3
1671048760, 1
1671048760, 2
1671048760, 3
1671048760, 4
1671048760, 5
1671048761, 1
1671048761, 2
1671048761, 3
1671048761, 4
1671048761, 1
1671048761, 2
1671048761, 1
1671048761, 2
1671048761, 3
1671048761, 4
1671048761, 5
1671048761, 6
1671048761, 1
1671048761, 2
1671048761, 3
1671048761, 4
1671048761, 1
1671048761, 2
1671048761, 3
1671048761, 1
1671048761, 2
1671048761, 3
1671048761, 4
1671048761, 1
1671048762, 1
1671048762, 1
1671048762, 1
1671048762, 2
1671048762, 3
1671048762, 1
1671048762, 1
1671048762, 1
1671048762, 2
1671048762, 3
1671048762, 1
1671048762, 2
1671048762, 3
1671048763, 4
1671048763, 1
1671048763, 2
1671048763, 1
1671048763, 2
1671048763, 3
1671048763, 1
1671048763, 2
1671048763, 3
1671048763, 4
1671048763, 5
1671048763, 6
1671048763, 1
1671048763, 2
1671048763, 3
1671048763, 4
1671048763, 1
1671048763, 2
1671048764, 1
1671048764, 1
1671048764, 2
1671048764, 3
1671048764, 4
1671048764, 5
1671048764, 6
1671048764, 1
1671048764, 2
1671048764, 1
1671048764, 1
1671048764, 2
1671048764, 3
1671048764, 1
1671048764, 1
1671048764, 2
1671048764, 3